{
  "GET Login Page" : {
    "transaction" : "GET Login Page",
    "sampleCount" : 365,
    "errorCount" : 0,
    "errorPct" : 0.0,
    "meanResTime" : 1.4602739726027398,
    "medianResTime" : 1.0,
    "minResTime" : 0.0,
    "maxResTime" : 20.0,
    "pct1ResTime" : 3.0,
    "pct2ResTime" : 3.0,
    "pct3ResTime" : 10.75999999999965,
    "throughput" : 6.20621641841801,
    "receivedKBytesPerSec" : 12.40637207861491,
    "sentKBytesPerSec" : 0.7394125029755833
  },
  "POST Login" : {
    "transaction" : "POST Login",
    "sampleCount" : 365,
    "errorCount" : 365,
    "errorPct" : 100.0,
    "meanResTime" : 1.413698630136986,
    "medianResTime" : 1.0,
    "minResTime" : 0.0,
    "maxResTime" : 6.0,
    "pct1ResTime" : 2.0,
    "pct2ResTime" : 2.6999999999999886,
    "pct3ResTime" : 4.019999999999925,
    "throughput" : 6.208644474306418,
    "receivedKBytesPerSec" : 2.5404512057953017,
    "sentKBytesPerSec" : 1.8553175870485974
  },
  "GET Página Principal" : {
    "transaction" : "GET Página Principal",
    "sampleCount" : 365,
    "errorCount" : 365,
    "errorPct" : 100.0,
    "meanResTime" : 1.2164383561643837,
    "medianResTime" : 1.0,
    "minResTime" : 0.0,
    "maxResTime" : 3.0,
    "pct1ResTime" : 2.0,
    "pct2ResTime" : 2.0,
    "pct3ResTime" : 2.339999999999975,
    "throughput" : 6.209278192674753,
    "receivedKBytesPerSec" : 2.54071051047922,
    "sentKBytesPerSec" : 1.0308371999557695
  },
  "GET Listar Mascotas" : {
    "transaction" : "GET Listar Mascotas",
    "sampleCount" : 365,
    "errorCount" : 365,
    "errorPct" : 100.0,
    "meanResTime" : 1.1561643835616435,
    "medianResTime" : 1.0,
    "minResTime" : 0.0,
    "maxResTime" : 3.0,
    "pct1ResTime" : 2.0,
    "pct2ResTime" : 2.0,
    "pct3ResTime" : 2.0,
    "throughput" : 6.209383824980436,
    "receivedKBytesPerSec" : 2.54075373307305,
    "sentKBytesPerSec" : 1.0793655477016775
  },
  "Total" : {
    "transaction" : "Total",
    "sampleCount" : 2190,
    "errorCount" : 1825,
    "errorPct" : 83.333336,
    "meanResTime" : 1.2643835616438344,
    "medianResTime" : 1.0,
    "minResTime" : 0.0,
    "maxResTime" : 20.0,
    "pct1ResTime" : 2.0,
    "pct2ResTime" : 2.0,
    "pct3ResTime" : 3.0,
    "throughput" : 37.2334999489952,
    "receivedKBytesPerSec" : 25.10109973775035,
    "sentKBytesPerSec" : 6.835837881260839
  },
  "GET Listar Citas" : {
    "transaction" : "GET Listar Citas",
    "sampleCount" : 365,
    "errorCount" : 365,
    "errorPct" : 100.0,
    "meanResTime" : 1.1369863013698631,
    "medianResTime" : 1.0,
    "minResTime" : 0.0,
    "maxResTime" : 3.0,
    "pct1ResTime" : 2.0,
    "pct2ResTime" : 2.0,
    "pct3ResTime" : 2.0,
    "throughput" : 6.209383824980436,
    "receivedKBytesPerSec" : 2.54075373307305,
    "sentKBytesPerSec" : 1.06117399352693
  },
  "GET Listar Dueños" : {
    "transaction" : "GET Listar Dueños",
    "sampleCount" : 365,
    "errorCount" : 365,
    "errorPct" : 100.0,
    "meanResTime" : 1.2027397260273982,
    "medianResTime" : 1.0,
    "minResTime" : 0.0,
    "maxResTime" : 3.0,
    "pct1ResTime" : 2.0,
    "pct2ResTime" : 2.0,
    "pct3ResTime" : 3.0,
    "throughput" : 6.209383824980436,
    "receivedKBytesPerSec" : 2.54075373307305,
    "sentKBytesPerSec" : 1.073301696310095
  }
}