Label,# Samples,Average,Min,Max,Std. Dev.,Error %,Throughput,Received KB/sec,Sent KB/sec,Avg. Bytes
GET Login,1800,2,0,54,3.58,0.000%,11.93674,46.64,2.01,4000.8
POST Login,1800,254,72,783,138.78,0.000%,11.91674,4.95,4.61,425.0
GET Dueños,1800,5,0,111,7.69,0.000%,11.92298,51.42,4.10,4416.0
GET Mascotas,1800,4,0,107,7.37,0.000%,11.92274,51.42,4.11,4416.0
GET citas,1800,4,0,89,6.23,0.000%,11.92274,51.42,4.08,4416.0
GET Tratamientos,1800,4,0,75,5.91,0.000%,11.92266,51.38,4.16,4413.1
TOTAL,10800,45,0,783,109.17,0.000%,71.47774,256.95,23.04,3681.1
