Label,# Samples,Average,Min,Max,Std. Dev.,Error %,Throughput,Received KB/sec,Sent KB/sec,Avg. Bytes
GET Login,15000,3,0,214,7.76,0.000%,87.24075,340.66,14.82,3998.5
POST Login,15000,342,72,1173,157.70,0.000%,87.21894,36.20,33.73,425.0
GET Dueños,15000,8,0,216,13.48,0.000%,87.25800,376.30,29.99,4416.0
GET Mascotas,15000,6,0,235,9.82,0.000%,87.25902,376.30,30.08,4416.0
GET citas,15000,5,0,234,9.72,0.000%,87.26003,376.31,29.83,4416.0
GET Tratamientos,15000,5,0,159,9.78,0.000%,87.26105,376.07,30.42,4413.1
TOTAL,90000,62,0,1173,141.36,0.000%,523.21019,1880.68,168.78,3680.8
