{
  "POST - Login" : {
    "transaction" : "POST - Login",
    "sampleCount" : 1550,
    "errorCount" : 0,
    "errorPct" : 0.0,
    "meanResTime" : 7.367741935483883,
    "medianResTime" : 5.0,
    "minResTime" : 2.0,
    "maxResTime" : 207.0,
    "pct1ResTime" : 12.0,
    "pct2ResTime" : 17.0,
    "pct3ResTime" : 37.0,
    "throughput" : 19.888878908806284,
    "receivedKBytesPerSec" : 9.42002565504985,
    "sentKBytesPerSec" : 4.8362605940359025
  },
  "GET - Servicios" : {
    "transaction" : "GET - Servicios",
    "sampleCount" : 1550,
    "errorCount" : 0,
    "errorPct" : 0.0,
    "meanResTime" : 8.123225806451593,
    "medianResTime" : 7.0,
    "minResTime" : 2.0,
    "maxResTime" : 150.0,
    "pct1ResTime" : 13.0,
    "pct2ResTime" : 17.0,
    "pct3ResTime" : 35.0,
    "throughput" : 19.94133388225607,
    "receivedKBytesPerSec" : 31.177808149894506,
    "sentKBytesPerSec" : 3.271625090057637
  },
  "Total" : {
    "transaction" : "Total",
    "sampleCount" : 6200,
    "errorCount" : 0,
    "errorPct" : 0.0,
    "meanResTime" : 14.155967741935495,
    "medianResTime" : 7.0,
    "minResTime" : 2.0,
    "maxResTime" : 338.0,
    "pct1ResTime" : 32.0,
    "pct2ResTime" : 40.0,
    "pct3ResTime" : 70.98999999999978,
    "throughput" : 78.01588000654326,
    "receivedKBytesPerSec" : 57.11333084552855,
    "sentKBytesPerSec" : 18.34755612503303
  },
  "POST - Crear Reserva" : {
    "transaction" : "POST - Crear Reserva",
    "sampleCount" : 1550,
    "errorCount" : 0,
    "errorPct" : 0.0,
    "meanResTime" : 33.3258064516129,
    "medianResTime" : 27.0,
    "minResTime" : 12.0,
    "maxResTime" : 338.0,
    "pct1ResTime" : 51.0,
    "pct2ResTime" : 60.0,
    "pct3ResTime" : 237.9000000000001,
    "throughput" : 20.28132155708211,
    "receivedKBytesPerSec" : 8.428862037945699,
    "sentKBytesPerSec" : 7.531932347890089
  },
  "GET - Usuarios" : {
    "transaction" : "GET - Usuarios",
    "sampleCount" : 1550,
    "errorCount" : 0,
    "errorPct" : 0.0,
    "meanResTime" : 7.807096774193554,
    "medianResTime" : 6.0,
    "minResTime" : 2.0,
    "maxResTime" : 156.0,
    "pct1ResTime" : 12.0,
    "pct2ResTime" : 17.0,
    "pct3ResTime" : 32.98000000000002,
    "throughput" : 19.945182916629136,
    "receivedKBytesPerSec" : 9.485648516014052,
    "sentKBytesPerSec" : 3.2333011368754265
  }
}