{
  "POST - Login" : {
    "transaction" : "POST - Login",
    "sampleCount" : 1550,
    "errorCount" : 1550,
    "errorPct" : 100.0,
    "meanResTime" : 2.5612903225806423,
    "medianResTime" : 2.0,
    "minResTime" : 0.0,
    "maxResTime" : 111.0,
    "pct1ResTime" : 4.0,
    "pct2ResTime" : 4.0,
    "pct3ResTime" : 7.0,
    "throughput" : 20.032051282051285,
    "receivedKBytesPerSec" : 11.54190454727564,
    "sentKBytesPerSec" : 5.027575370592948
  },
  "GET - Servicios" : {
    "transaction" : "GET - Servicios",
    "sampleCount" : 1550,
    "errorCount" : 1550,
    "errorPct" : 100.0,
    "meanResTime" : 2.282580645161293,
    "medianResTime" : 2.0,
    "minResTime" : 0.0,
    "maxResTime" : 13.0,
    "pct1ResTime" : 3.0,
    "pct2ResTime" : 4.0,
    "pct3ResTime" : 6.0,
    "throughput" : 20.060829612373002,
    "receivedKBytesPerSec" : 11.558485811816476,
    "sentKBytesPerSec" : 3.4479550896266096
  },
  "Total" : {
    "transaction" : "Total",
    "sampleCount" : 6200,
    "errorCount" : 6200,
    "errorPct" : 100.0,
    "meanResTime" : 2.3993548387096744,
    "medianResTime" : 2.0,
    "minResTime" : 0.0,
    "maxResTime" : 111.0,
    "pct1ResTime" : 3.0,
    "pct2ResTime" : 4.0,
    "pct3ResTime" : 7.0,
    "throughput" : 78.59442740156682,
    "receivedKBytesPerSec" : 45.28389860051213,
    "sentKBytesPerSec" : 19.09763624486601
  },
  "POST - Crear Reserva" : {
    "transaction" : "POST - Crear Reserva",
    "sampleCount" : 1550,
    "errorCount" : 1550,
    "errorPct" : 100.0,
    "meanResTime" : 2.3896774193548356,
    "medianResTime" : 2.0,
    "minResTime" : 0.0,
    "maxResTime" : 66.0,
    "pct1ResTime" : 3.0,
    "pct2ResTime" : 4.0,
    "pct3ResTime" : 7.490000000000009,
    "throughput" : 20.46420744104988,
    "receivedKBytesPerSec" : 11.790900771698661,
    "sentKBytesPerSec" : 7.7597278219151855
  },
  "GET - Usuarios" : {
    "transaction" : "GET - Usuarios",
    "sampleCount" : 1550,
    "errorCount" : 1550,
    "errorPct" : 100.0,
    "meanResTime" : 2.363870967741935,
    "medianResTime" : 2.0,
    "minResTime" : 1.0,
    "maxResTime" : 26.0,
    "pct1ResTime" : 3.0,
    "pct2ResTime" : 4.0,
    "pct3ResTime" : 6.0,
    "throughput" : 20.062127879886102,
    "receivedKBytesPerSec" : 11.559233837043747,
    "sentKBytesPerSec" : 3.4089943858400207
  }
}