{
  "POST - Login" : {
    "transaction" : "POST - Login",
    "sampleCount" : 1550,
    "errorCount" : 0,
    "errorPct" : 0.0,
    "meanResTime" : 6.943870967741932,
    "medianResTime" : 5.0,
    "minResTime" : 2.0,
    "maxResTime" : 72.0,
    "pct1ResTime" : 13.0,
    "pct2ResTime" : 18.0,
    "pct3ResTime" : 37.0,
    "throughput" : 19.91340879016406,
    "receivedKBytesPerSec" : 9.431643811747627,
    "sentKBytesPerSec" : 4.803332003096214
  },
  "GET - Servicios" : {
    "transaction" : "GET - Servicios",
    "sampleCount" : 1550,
    "errorCount" : 0,
    "errorPct" : 0.0,
    "meanResTime" : 7.8948387096773995,
    "medianResTime" : 6.0,
    "minResTime" : 2.0,
    "maxResTime" : 68.0,
    "pct1ResTime" : 14.0,
    "pct2ResTime" : 20.0,
    "pct3ResTime" : 32.0,
    "throughput" : 19.929539434772547,
    "receivedKBytesPerSec" : 31.159367807686372,
    "sentKBytesPerSec" : 3.2307651818088305
  },
  "Total" : {
    "transaction" : "Total",
    "sampleCount" : 6200,
    "errorCount" : 0,
    "errorPct" : 0.0,
    "meanResTime" : 12.834516129032295,
    "medianResTime" : 7.0,
    "minResTime" : 2.0,
    "maxResTime" : 282.0,
    "pct1ResTime" : 29.0,
    "pct2ResTime" : 38.0,
    "pct3ResTime" : 62.0,
    "throughput" : 78.09547801990176,
    "receivedKBytesPerSec" : 61.21365352216904,
    "sentKBytesPerSec" : 18.194679253526893
  },
  "POST - Crear Reserva" : {
    "transaction" : "POST - Crear Reserva",
    "sampleCount" : 1550,
    "errorCount" : 0,
    "errorPct" : 0.0,
    "meanResTime" : 28.555483870967727,
    "medianResTime" : 25.0,
    "minResTime" : 10.0,
    "maxResTime" : 282.0,
    "pct1ResTime" : 47.0,
    "pct2ResTime" : 57.0,
    "pct3ResTime" : 90.98000000000002,
    "throughput" : 20.186760090124114,
    "receivedKBytesPerSec" : 8.369848916752407,
    "sentKBytesPerSec" : 7.437673886960655
  },
  "GET - Usuarios" : {
    "transaction" : "GET - Usuarios",
    "sampleCount" : 1550,
    "errorCount" : 0,
    "errorPct" : 0.0,
    "meanResTime" : 7.943870967741944,
    "medianResTime" : 6.0,
    "minResTime" : 2.0,
    "maxResTime" : 51.0,
    "pct1ResTime" : 16.0,
    "pct2ResTime" : 21.0,
    "pct3ResTime" : 36.0,
    "throughput" : 19.93133334190595,
    "receivedKBytesPerSec" : 13.624934901693521,
    "sentKBytesPerSec" : 3.192127605539625
  }
}