{
  "POST - Login" : {
    "transaction" : "POST - Login",
    "sampleCount" : 1550,
    "errorCount" : 0,
    "errorPct" : 0.0,
    "meanResTime" : 6.159354838709684,
    "medianResTime" : 4.0,
    "minResTime" : 1.0,
    "maxResTime" : 193.0,
    "pct1ResTime" : 11.0,
    "pct2ResTime" : 14.0,
    "pct3ResTime" : 30.0,
    "throughput" : 19.923391346821255,
    "receivedKBytesPerSec" : 9.436371878133114,
    "sentKBytesPerSec" : 4.844652778670403
  },
  "GET - Servicios" : {
    "transaction" : "GET - Servicios",
    "sampleCount" : 1550,
    "errorCount" : 0,
    "errorPct" : 0.0,
    "meanResTime" : 6.664516129032255,
    "medianResTime" : 6.0,
    "minResTime" : 2.0,
    "maxResTime" : 32.0,
    "pct1ResTime" : 12.0,
    "pct2ResTime" : 15.0,
    "pct3ResTime" : 23.0,
    "throughput" : 19.97139580729536,
    "receivedKBytesPerSec" : 31.224809265117056,
    "sentKBytesPerSec" : 3.2765571246343943
  },
  "Total" : {
    "transaction" : "Total",
    "sampleCount" : 6200,
    "errorCount" : 0,
    "errorPct" : 0.0,
    "meanResTime" : 11.074516129032265,
    "medianResTime" : 6.0,
    "minResTime" : 1.0,
    "maxResTime" : 290.0,
    "pct1ResTime" : 25.0,
    "pct2ResTime" : 32.0,
    "pct3ResTime" : 47.0,
    "throughput" : 78.15060377643886,
    "receivedKBytesPerSec" : 57.21195849982353,
    "sentKBytesPerSec" : 18.379240083854338
  },
  "POST - Crear Reserva" : {
    "transaction" : "POST - Crear Reserva",
    "sampleCount" : 1550,
    "errorCount" : 0,
    "errorPct" : 0.0,
    "meanResTime" : 24.676774193548415,
    "medianResTime" : 22.0,
    "minResTime" : 9.0,
    "maxResTime" : 290.0,
    "pct1ResTime" : 38.0,
    "pct2ResTime" : 46.0,
    "pct3ResTime" : 65.96000000000004,
    "throughput" : 20.26726640341013,
    "receivedKBytesPerSec" : 8.42302075433458,
    "sentKBytesPerSec" : 7.526712645303225
  },
  "GET - Usuarios" : {
    "transaction" : "GET - Usuarios",
    "sampleCount" : 1550,
    "errorCount" : 0,
    "errorPct" : 0.0,
    "meanResTime" : 6.797419354838725,
    "medianResTime" : 6.0,
    "minResTime" : 2.0,
    "maxResTime" : 58.0,
    "pct1ResTime" : 12.0,
    "pct2ResTime" : 16.0,
    "pct3ResTime" : 24.0,
    "throughput" : 19.9737120177315,
    "receivedKBytesPerSec" : 9.499216555307852,
    "sentKBytesPerSec" : 3.2379259716244424
  }
}