{
  "POST - Login" : {
    "transaction" : "POST - Login",
    "sampleCount" : 1550,
    "errorCount" : 0,
    "errorPct" : 0.0,
    "meanResTime" : 7.88387096774193,
    "medianResTime" : 5.0,
    "minResTime" : 2.0,
    "maxResTime" : 226.0,
    "pct1ResTime" : 14.0,
    "pct2ResTime" : 19.0,
    "pct3ResTime" : 38.49000000000001,
    "throughput" : 20.002839112648246,
    "receivedKBytesPerSec" : 9.474000946908593,
    "sentKBytesPerSec" : 4.863971620165443
  },
  "GET - Servicios" : {
    "transaction" : "GET - Servicios",
    "sampleCount" : 1550,
    "errorCount" : 0,
    "errorPct" : 0.0,
    "meanResTime" : 8.510322580645166,
    "medianResTime" : 7.0,
    "minResTime" : 2.0,
    "maxResTime" : 148.0,
    "pct1ResTime" : 14.0,
    "pct2ResTime" : 18.0,
    "pct3ResTime" : 32.0,
    "throughput" : 20.060310352414355,
    "receivedKBytesPerSec" : 31.36382507247596,
    "sentKBytesPerSec" : 3.2911446671929805
  },
  "Total" : {
    "transaction" : "Total",
    "sampleCount" : 6200,
    "errorCount" : 2,
    "errorPct" : 0.032258064,
    "meanResTime" : 15.720000000000022,
    "medianResTime" : 8.0,
    "minResTime" : 2.0,
    "maxResTime" : 299.0,
    "pct1ResTime" : 37.0,
    "pct2ResTime" : 51.0,
    "pct3ResTime" : 76.98999999999978,
    "throughput" : 78.44923575260654,
    "receivedKBytesPerSec" : 57.428194137343105,
    "sentKBytesPerSec" : 18.449471515493723
  },
  "POST - Crear Reserva" : {
    "transaction" : "POST - Crear Reserva",
    "sampleCount" : 1550,
    "errorCount" : 2,
    "errorPct" : 0.12903225,
    "meanResTime" : 37.71999999999997,
    "medianResTime" : 31.0,
    "minResTime" : 11.0,
    "maxResTime" : 299.0,
    "pct1ResTime" : 61.0,
    "pct2ResTime" : 69.0,
    "pct3ResTime" : 215.0,
    "throughput" : 20.438302697855956,
    "receivedKBytesPerSec" : 8.491617720502914,
    "sentKBytesPerSec" : 7.590230882769852
  },
  "GET - Usuarios" : {
    "transaction" : "GET - Usuarios",
    "sampleCount" : 1550,
    "errorCount" : 0,
    "errorPct" : 0.0,
    "meanResTime" : 8.765806451612907,
    "medianResTime" : 7.0,
    "minResTime" : 2.0,
    "maxResTime" : 107.0,
    "pct1ResTime" : 15.0,
    "pct2ResTime" : 20.0,
    "pct3ResTime" : 43.98000000000002,
    "throughput" : 20.065244407622203,
    "receivedKBytesPerSec" : 9.542748072765637,
    "sentKBytesPerSec" : 3.2527642301418807
  }
}