{
  "POST - Login" : {
    "transaction" : "POST - Login",
    "sampleCount" : 1550,
    "errorCount" : 0,
    "errorPct" : 0.0,
    "meanResTime" : 6.4025806451612945,
    "medianResTime" : 5.0,
    "minResTime" : 1.0,
    "maxResTime" : 148.0,
    "pct1ResTime" : 11.0,
    "pct2ResTime" : 15.0,
    "pct3ResTime" : 29.49000000000001,
    "throughput" : 19.961365099806823,
    "receivedKBytesPerSec" : 9.454357493560849,
    "sentKBytesPerSec" : 4.8538866307147455
  },
  "GET - Servicios" : {
    "transaction" : "GET - Servicios",
    "sampleCount" : 1550,
    "errorCount" : 0,
    "errorPct" : 0.0,
    "meanResTime" : 6.916774193548384,
    "medianResTime" : 6.0,
    "minResTime" : 2.0,
    "maxResTime" : 37.0,
    "pct1ResTime" : 11.0,
    "pct2ResTime" : 14.0,
    "pct3ResTime" : 23.0,
    "throughput" : 19.998451732769077,
    "receivedKBytesPerSec" : 31.267110570471964,
    "sentKBytesPerSec" : 3.2809959874074264
  },
  "Total" : {
    "transaction" : "Total",
    "sampleCount" : 6200,
    "errorCount" : 0,
    "errorPct" : 0.0,
    "meanResTime" : 11.91725806451614,
    "medianResTime" : 7.0,
    "minResTime" : 1.0,
    "maxResTime" : 245.0,
    "pct1ResTime" : 27.0,
    "pct2ResTime" : 34.0,
    "pct3ResTime" : 53.0,
    "throughput" : 78.29172506976803,
    "receivedKBytesPerSec" : 57.3152696092359,
    "sentKBytesPerSec" : 18.41242859431627
  },
  "POST - Crear Reserva" : {
    "transaction" : "POST - Crear Reserva",
    "sampleCount" : 1550,
    "errorCount" : 0,
    "errorPct" : 0.0,
    "meanResTime" : 27.0341935483871,
    "medianResTime" : 23.0,
    "minResTime" : 9.0,
    "maxResTime" : 245.0,
    "pct1ResTime" : 43.0,
    "pct2ResTime" : 50.44999999999982,
    "pct3ResTime" : 67.0,
    "throughput" : 20.2622325058499,
    "receivedKBytesPerSec" : 8.42092868020968,
    "sentKBytesPerSec" : 7.524843192380093
  },
  "GET - Usuarios" : {
    "transaction" : "GET - Usuarios",
    "sampleCount" : 1550,
    "errorCount" : 0,
    "errorPct" : 0.0,
    "meanResTime" : 7.315483870967745,
    "medianResTime" : 6.0,
    "minResTime" : 2.0,
    "maxResTime" : 39.0,
    "pct1ResTime" : 13.0,
    "pct2ResTime" : 18.0,
    "pct3ResTime" : 31.0,
    "throughput" : 20.003355401551225,
    "receivedKBytesPerSec" : 9.51331453179243,
    "sentKBytesPerSec" : 3.2427314420483437
  }
}