{
  "POST - Login" : {
    "transaction" : "POST - Login",
    "sampleCount" : 1550,
    "errorCount" : 0,
    "errorPct" : 0.0,
    "meanResTime" : 6.3787096774193675,
    "medianResTime" : 4.0,
    "minResTime" : 1.0,
    "maxResTime" : 172.0,
    "pct1ResTime" : 11.0,
    "pct2ResTime" : 16.0,
    "pct3ResTime" : 39.0,
    "throughput" : 19.646365422396855,
    "receivedKBytesPerSec" : 9.305163310412574,
    "sentKBytesPerSec" : 4.777290029469548
  },
  "GET - Servicios" : {
    "transaction" : "GET - Servicios",
    "sampleCount" : 1550,
    "errorCount" : 0,
    "errorPct" : 0.0,
    "meanResTime" : 6.4206451612903255,
    "medianResTime" : 5.0,
    "minResTime" : 2.0,
    "maxResTime" : 40.0,
    "pct1ResTime" : 10.0,
    "pct2ResTime" : 14.0,
    "pct3ResTime" : 26.49000000000001,
    "throughput" : 19.689290296355576,
    "receivedKBytesPerSec" : 30.78374391061062,
    "sentKBytesPerSec" : 3.230274189245837
  },
  "Total" : {
    "transaction" : "Total",
    "sampleCount" : 6200,
    "errorCount" : 1,
    "errorPct" : 0.016129032,
    "meanResTime" : 10.920483870967765,
    "medianResTime" : 6.0,
    "minResTime" : 1.0,
    "maxResTime" : 265.0,
    "pct1ResTime" : 25.0,
    "pct2ResTime" : 32.0,
    "pct3ResTime" : 49.0,
    "throughput" : 77.09333267016488,
    "receivedKBytesPerSec" : 56.43679298730447,
    "sentKBytesPerSec" : 18.13059402666559
  },
  "POST - Crear Reserva" : {
    "transaction" : "POST - Crear Reserva",
    "sampleCount" : 1550,
    "errorCount" : 1,
    "errorPct" : 0.06451613,
    "meanResTime" : 24.571612903225777,
    "medianResTime" : 22.0,
    "minResTime" : 9.0,
    "maxResTime" : 265.0,
    "pct1ResTime" : 37.0,
    "pct2ResTime" : 43.0,
    "pct3ResTime" : 71.49000000000001,
    "throughput" : 20.030756904149595,
    "receivedKBytesPerSec" : 8.323516512451377,
    "sentKBytesPerSec" : 7.438879436651116
  },
  "GET - Usuarios" : {
    "transaction" : "GET - Usuarios",
    "sampleCount" : 1550,
    "errorCount" : 0,
    "errorPct" : 0.0,
    "meanResTime" : 6.310967741935485,
    "medianResTime" : 5.0,
    "minResTime" : 2.0,
    "maxResTime" : 51.0,
    "pct1ResTime" : 10.0,
    "pct2ResTime" : 13.0,
    "pct3ResTime" : 27.49000000000001,
    "throughput" : 19.694293737214593,
    "receivedKBytesPerSec" : 9.36632915041358,
    "sentKBytesPerSec" : 3.1926296488062715
  }
}