{
  "POST - Login" : {
    "transaction" : "POST - Login",
    "sampleCount" : 1550,
    "errorCount" : 0,
    "errorPct" : 0.0,
    "meanResTime" : 6.198064516129031,
    "medianResTime" : 5.0,
    "minResTime" : 1.0,
    "maxResTime" : 139.0,
    "pct1ResTime" : 10.900000000000091,
    "pct2ResTime" : 15.0,
    "pct3ResTime" : 28.49000000000001,
    "throughput" : 19.91622337008198,
    "receivedKBytesPerSec" : 9.432976889150156,
    "sentKBytesPerSec" : 4.842909784326575
  },
  "GET - Servicios" : {
    "transaction" : "GET - Servicios",
    "sampleCount" : 1550,
    "errorCount" : 0,
    "errorPct" : 0.0,
    "meanResTime" : 6.591612903225806,
    "medianResTime" : 6.0,
    "minResTime" : 2.0,
    "maxResTime" : 43.0,
    "pct1ResTime" : 11.0,
    "pct2ResTime" : 14.449999999999818,
    "pct3ResTime" : 21.0,
    "throughput" : 19.950060493731822,
    "receivedKBytesPerSec" : 31.191452002406876,
    "sentKBytesPerSec" : 3.2730567997528768
  },
  "Total" : {
    "transaction" : "Total",
    "sampleCount" : 6200,
    "errorCount" : 0,
    "errorPct" : 0.0,
    "meanResTime" : 11.44338709677423,
    "medianResTime" : 6.0,
    "minResTime" : 1.0,
    "maxResTime" : 312.0,
    "pct1ResTime" : 26.0,
    "pct2ResTime" : 34.0,
    "pct3ResTime" : 50.0,
    "throughput" : 78.12007812007812,
    "receivedKBytesPerSec" : 57.18961148648649,
    "sentKBytesPerSec" : 18.372061145498648
  },
  "POST - Crear Reserva" : {
    "transaction" : "POST - Crear Reserva",
    "sampleCount" : 1550,
    "errorCount" : 0,
    "errorPct" : 0.0,
    "meanResTime" : 26.565161290322642,
    "medianResTime" : 23.0,
    "minResTime" : 8.0,
    "maxResTime" : 312.0,
    "pct1ResTime" : 40.0,
    "pct2ResTime" : 48.0,
    "pct3ResTime" : 123.27000000000021,
    "throughput" : 20.199387502443475,
    "receivedKBytesPerSec" : 8.394810467843879,
    "sentKBytesPerSec" : 7.501504263862644
  },
  "GET - Usuarios" : {
    "transaction" : "GET - Usuarios",
    "sampleCount" : 1550,
    "errorCount" : 0,
    "errorPct" : 0.0,
    "meanResTime" : 6.418709677419371,
    "medianResTime" : 5.0,
    "minResTime" : 2.0,
    "maxResTime" : 41.0,
    "pct1ResTime" : 11.0,
    "pct2ResTime" : 13.0,
    "pct3ResTime" : 22.0,
    "throughput" : 19.955454276260735,
    "receivedKBytesPerSec" : 9.490533430213844,
    "sentKBytesPerSec" : 3.234966220565705
  }
}