{
  "POST - Login" : {
    "transaction" : "POST - Login",
    "sampleCount" : 1550,
    "errorCount" : 0,
    "errorPct" : 0.0,
    "meanResTime" : 6.081290322580632,
    "medianResTime" : 4.0,
    "minResTime" : 1.0,
    "maxResTime" : 134.0,
    "pct1ResTime" : 11.0,
    "pct2ResTime" : 15.0,
    "pct3ResTime" : 32.49000000000001,
    "throughput" : 19.889389331588198,
    "receivedKBytesPerSec" : 9.420267408027614,
    "sentKBytesPerSec" : 4.836384710513147
  },
  "GET - Servicios" : {
    "transaction" : "GET - Servicios",
    "sampleCount" : 1550,
    "errorCount" : 0,
    "errorPct" : 0.0,
    "meanResTime" : 6.588387096774187,
    "medianResTime" : 5.0,
    "minResTime" : 2.0,
    "maxResTime" : 48.0,
    "pct1ResTime" : 11.0,
    "pct2ResTime" : 16.0,
    "pct3ResTime" : 24.0,
    "throughput" : 19.922623102530814,
    "receivedKBytesPerSec" : 31.148554284327965,
    "sentKBytesPerSec" : 3.2685553527589617
  },
  "Total" : {
    "transaction" : "Total",
    "sampleCount" : 6200,
    "errorCount" : 0,
    "errorPct" : 0.0,
    "meanResTime" : 10.946612903225784,
    "medianResTime" : 6.0,
    "minResTime" : 1.0,
    "maxResTime" : 262.0,
    "pct1ResTime" : 24.0,
    "pct2ResTime" : 31.0,
    "pct3ResTime" : 49.0,
    "throughput" : 78.02373431660017,
    "receivedKBytesPerSec" : 57.119080775014794,
    "sentKBytesPerSec" : 18.349403279671044
  },
  "POST - Crear Reserva" : {
    "transaction" : "POST - Crear Reserva",
    "sampleCount" : 1550,
    "errorCount" : 0,
    "errorPct" : 0.0,
    "meanResTime" : 24.577419354838735,
    "medianResTime" : 21.0,
    "minResTime" : 8.0,
    "maxResTime" : 262.0,
    "pct1ResTime" : 38.0,
    "pct2ResTime" : 45.44999999999982,
    "pct3ResTime" : 65.92000000000007,
    "throughput" : 20.287427030706002,
    "receivedKBytesPerSec" : 8.43139945616607,
    "sentKBytesPerSec" : 7.534199755078401
  },
  "GET - Usuarios" : {
    "transaction" : "GET - Usuarios",
    "sampleCount" : 1550,
    "errorCount" : 0,
    "errorPct" : 0.0,
    "meanResTime" : 6.5393548387096825,
    "medianResTime" : 5.0,
    "minResTime" : 2.0,
    "maxResTime" : 103.0,
    "pct1ResTime" : 11.0,
    "pct2ResTime" : 15.0,
    "pct3ResTime" : 26.0,
    "throughput" : 19.925952589088293,
    "receivedKBytesPerSec" : 9.476502842662107,
    "sentKBytesPerSec" : 3.230183720496735
  }
}