{
  "POST - Login" : {
    "transaction" : "POST - Login",
    "sampleCount" : 1550,
    "errorCount" : 0,
    "errorPct" : 0.0,
    "meanResTime" : 5.3348387096774275,
    "medianResTime" : 4.0,
    "minResTime" : 1.0,
    "maxResTime" : 127.0,
    "pct1ResTime" : 9.0,
    "pct2ResTime" : 12.0,
    "pct3ResTime" : 17.0,
    "throughput" : 19.96856561284172,
    "receivedKBytesPerSec" : 9.45776789280101,
    "sentKBytesPerSec" : 4.855637536716395
  },
  "GET - Servicios" : {
    "transaction" : "GET - Servicios",
    "sampleCount" : 1550,
    "errorCount" : 0,
    "errorPct" : 0.0,
    "meanResTime" : 6.405806451612891,
    "medianResTime" : 5.0,
    "minResTime" : 2.0,
    "maxResTime" : 41.0,
    "pct1ResTime" : 11.0,
    "pct2ResTime" : 14.0,
    "pct3ResTime" : 22.49000000000001,
    "throughput" : 20.0,
    "receivedKBytesPerSec" : 31.26953125,
    "sentKBytesPerSec" : 3.28125
  },
  "Total" : {
    "transaction" : "Total",
    "sampleCount" : 6200,
    "errorCount" : 0,
    "errorPct" : 0.0,
    "meanResTime" : 10.61225806451607,
    "medianResTime" : 6.0,
    "minResTime" : 1.0,
    "maxResTime" : 287.0,
    "pct1ResTime" : 24.0,
    "pct2ResTime" : 31.0,
    "pct3ResTime" : 44.0,
    "throughput" : 78.32238504295098,
    "receivedKBytesPerSec" : 57.33771495231178,
    "sentKBytesPerSec" : 18.419639120925975
  },
  "POST - Crear Reserva" : {
    "transaction" : "POST - Crear Reserva",
    "sampleCount" : 1550,
    "errorCount" : 0,
    "errorPct" : 0.0,
    "meanResTime" : 24.569677419354875,
    "medianResTime" : 21.0,
    "minResTime" : 8.0,
    "maxResTime" : 287.0,
    "pct1ResTime" : 38.0,
    "pct2ResTime" : 43.0,
    "pct3ResTime" : 63.98000000000002,
    "throughput" : 20.273098252589723,
    "receivedKBytesPerSec" : 8.425444454980642,
    "sentKBytesPerSec" : 7.528878435799675
  },
  "GET - Usuarios" : {
    "transaction" : "GET - Usuarios",
    "sampleCount" : 1550,
    "errorCount" : 0,
    "errorPct" : 0.0,
    "meanResTime" : 6.138709677419353,
    "medianResTime" : 5.0,
    "minResTime" : 2.0,
    "maxResTime" : 31.0,
    "pct1ResTime" : 10.0,
    "pct2ResTime" : 13.0,
    "pct3ResTime" : 18.0,
    "throughput" : 20.003871717106538,
    "receivedKBytesPerSec" : 9.513560084209848,
    "sentKBytesPerSec" : 3.2428151416403175
  }
}