{
  "POST - Login" : {
    "transaction" : "POST - Login",
    "sampleCount" : 1550,
    "errorCount" : 0,
    "errorPct" : 0.0,
    "meanResTime" : 7.9045161290322765,
    "medianResTime" : 5.0,
    "minResTime" : 2.0,
    "maxResTime" : 214.0,
    "pct1ResTime" : 13.0,
    "pct2ResTime" : 22.0,
    "pct3ResTime" : 43.47000000000003,
    "throughput" : 20.625964762867937,
    "receivedKBytesPerSec" : 9.769133701163039,
    "sentKBytesPerSec" : 5.015493384720818
  },
  "GET - Servicios" : {
    "transaction" : "GET - Servicios",
    "sampleCount" : 1550,
    "errorCount" : 0,
    "errorPct" : 0.0,
    "meanResTime" : 8.612903225806448,
    "medianResTime" : 6.0,
    "minResTime" : 2.0,
    "maxResTime" : 244.0,
    "pct1ResTime" : 14.0,
    "pct2ResTime" : 20.0,
    "pct3ResTime" : 39.0,
    "throughput" : 20.68404126132618,
    "receivedKBytesPerSec" : 32.33901372986642,
    "sentKBytesPerSec" : 3.3934755194363264
  },
  "Total" : {
    "transaction" : "Total",
    "sampleCount" : 6200,
    "errorCount" : 0,
    "errorPct" : 0.0,
    "meanResTime" : 15.421774193548394,
    "medianResTime" : 7.0,
    "minResTime" : 2.0,
    "maxResTime" : 364.0,
    "pct1ResTime" : 34.900000000000546,
    "pct2ResTime" : 48.0,
    "pct3ResTime" : 82.98999999999978,
    "throughput" : 80.84706864176924,
    "receivedKBytesPerSec" : 59.185968021398395,
    "sentKBytesPerSec" : 19.013387137655172
  },
  "POST - Crear Reserva" : {
    "transaction" : "POST - Crear Reserva",
    "sampleCount" : 1550,
    "errorCount" : 0,
    "errorPct" : 0.0,
    "meanResTime" : 36.8116129032259,
    "medianResTime" : 28.0,
    "minResTime" : 10.0,
    "maxResTime" : 364.0,
    "pct1ResTime" : 59.0,
    "pct2ResTime" : 72.44999999999982,
    "pct3ResTime" : 334.8800000000001,
    "throughput" : 21.069802215727588,
    "receivedKBytesPerSec" : 8.756552453612452,
    "sentKBytesPerSec" : 7.8247526634608855
  },
  "GET - Usuarios" : {
    "transaction" : "GET - Usuarios",
    "sampleCount" : 1550,
    "errorCount" : 0,
    "errorPct" : 0.0,
    "meanResTime" : 8.358064516129025,
    "medianResTime" : 6.0,
    "minResTime" : 2.0,
    "maxResTime" : 274.0,
    "pct1ResTime" : 14.0,
    "pct2ResTime" : 20.449999999999818,
    "pct3ResTime" : 42.450000000000045,
    "throughput" : 20.689010798328862,
    "receivedKBytesPerSec" : 9.839402596470856,
    "sentKBytesPerSec" : 3.353882609885343
  }
}